date,mean_RH
2018-01-01,85.77333236586729
2018-01-02,85.42405247526364
2018-01-03,66.72515067603294
2018-01-04,65.49634550257652
2018-01-05,66.5676109334565
2018-01-06,75.60309824364609
2018-01-07,71.28729739817712
2018-01-08,68.33503814064822
2018-01-09,70.85042751550633
2018-01-10,80.12546602493988
2018-01-11,85.14008172741812
2018-01-12,85.17283037814538
2018-01-13,82.80772476947597
2018-01-14,88.4368497112224
2018-01-15,86.96935004091613
2018-01-16,81.46532875703039
2018-01-17,81.46972592350608
2018-01-18,86.2460212301734
2018-01-19,84.16117885815781
2018-01-20,82.97799785636987
2018-01-21,83.25363033237515
2018-01-22,76.56014775555863
2018-01-23,70.74560312491126
2018-01-24,76.30381861755366
2018-01-25,78.51242110078323
2018-01-26,77.4465084202175
2018-01-27,79.16852020387988
2018-01-28,77.3901827127689
2018-01-29,84.73198752502815
2018-01-30,78.06369214610827
2018-01-31,78.91627134911751
2018-02-01,72.21212824993381
2018-02-02,68.70710480458581
2018-02-03,60.51149028916482
2018-02-04,59.02282686744486
2018-02-05,61.79259301198769
2018-02-06,62.16317637099734
2018-02-07,59.73381997265929
2018-02-08,67.83633604945965
2018-02-09,70.63520444482641
2018-02-10,75.2446206739877
2018-02-11,86.84769148016811
2018-02-12,77.69598193447942
2018-02-13,65.0996032341491
2018-02-14,67.40310231389846
2018-02-15,66.13725595306536
2018-02-16,67.55785630909179
2018-02-17,83.45506792928742
2018-02-18,90.81475800913705
2018-02-19,93.28101739479297
2018-02-20,83.46759625256348
2018-02-21,73.44692831807251
2018-02-22,62.93752225472869
2018-02-23,64.54470762376032
2018-02-24,62.65053404097504
2018-02-25,63.91248867380314
2018-02-26,67.66963448329591
2018-02-27,78.4024422741279
2018-02-28,86.13517232749224
2018-03-01,88.73959507808726
2018-03-02,86.07891339746028
2018-03-03,85.86031171844608
2018-03-04,92.54618621270748
2018-03-05,88.55232412070387
2018-03-06,85.18633055256697
2018-03-07,74.8032864483226
2018-03-08,66.41215550771676
2018-03-09,68.3131840043053
2018-03-10,76.87006634607212
2018-03-11,82.4815722445658
2018-03-12,80.04128976818845
2018-03-13,79.72137660487343
2018-03-14,86.44027014336201
2018-03-15,80.82234629261932
2018-03-16,78.93674744608802
2018-03-17,74.75586306076212
2018-03-18,72.40527909335472
2018-03-19,78.54292087285684
2018-03-20,76.4926592823356
2018-03-21,78.097043308519
2018-03-22,72.55620931949588
2018-03-23,77.01935444344278
2018-03-24,75.96949785691734
2018-03-25,78.51011463791912
2018-03-26,68.24290011243636
2018-03-27,84.61683826888034
2018-03-28,86.15114738613183
2018-03-29,86.28169468094785
2018-03-30,89.52271848432825
2018-03-31,88.00481651576527
2018-04-01,88.88008592421687
2018-04-02,82.04148594155848
2018-04-03,77.98354602989875
2018-04-04,75.63787526184721
2018-04-05,70.82479781835592
2018-04-06,65.37018988269924
2018-04-07,65.95601808756153
2018-04-08,62.44319564091514
2018-04-09,64.48794449828448
2018-04-10,65.91971141839107
2018-04-11,62.39485605348713
2018-04-12,60.292524948760295
2018-04-13,70.51195158809563
2018-04-14,78.93432072343249
2018-04-15,76.98216502993682
2018-04-16,75.12866821899348
2018-04-17,65.51998505594183
2018-04-18,63.288388473002435
2018-04-19,65.61040223706009
2018-04-20,69.24424626986671
2018-04-21,72.38877027718203
2018-04-22,67.26005713342931
2018-04-23,56.537081097924684
2018-04-24,61.95574148197011
2018-04-25,59.460976670944
2018-04-26,58.186511640783365
2018-04-27,55.78549089569921
2018-04-28,59.047662744750255
2018-04-29,58.39821800621997
2018-04-30,57.79212386899183
2018-05-01,58.99906350234325
2018-05-02,54.91207702775529
2018-05-03,51.33740900407908
2018-05-04,47.81838815978953
2018-05-05,70.58633698006781
2018-05-06,85.46970114702872
2018-05-07,69.73563604626578
2018-05-08,64.16451850795328
2018-05-09,63.14234353916136
2018-05-10,60.59890285149499
2018-05-11,76.28968460422386
2018-05-12,75.44492881833312
2018-05-13,72.578279471913
2018-05-14,74.3171597930774
2018-05-15,82.0651582840517
2018-05-16,91.65496217762265
2018-05-17,79.48026006255928
2018-05-18,88.64255716509442
2018-05-19,76.1373315647489
2018-05-20,73.86876381613973
2018-05-21,75.71454863411624
2018-05-22,76.28824904953092
2018-05-23,74.21869822194701
2018-05-24,74.88593075598841
2018-05-25,80.76655977523812
2018-05-26,77.07092217325882
2018-05-27,73.67505048923208
2018-05-28,66.63078879009166
2018-05-29,57.9228374737515
2018-05-30,63.661940230572775
2018-05-31,78.22427606617295
2018-06-01,93.1440260231004
2018-06-02,82.02865146289832
2018-06-03,70.25853890289679
2018-06-04,76.32777339588462
2018-06-05,83.17311170837026
2018-06-06,80.87936808259963
2018-06-07,72.46743813203778
2018-06-08,76.84197844120358
2018-06-09,74.16979876813573
2018-06-10,69.16746602894531
2018-06-11,66.49446356858324
2018-06-12,86.17468953122005
2018-06-13,69.85557302936284
2018-06-14,76.86424482861734
2018-06-15,73.25591355661791
2018-06-16,71.6985663454854
2018-06-17,69.55685491456771
2018-06-18,67.49474769387315
2018-06-19,77.90723445075449
2018-06-20,78.03985183119366
2018-06-21,75.62533636853058
2018-06-22,77.03427333675741
2018-06-23,67.52767364695404
2018-06-24,84.44229971563234
2018-06-25,81.18729716707797
2018-06-26,85.27036304559651
2018-06-27,88.22210092049215
2018-06-28,78.14930199504587
2018-06-29,75.77438816278604
2018-06-30,83.55507912165233
2018-07-01,73.05930417501112
2018-07-02,66.34743224392865
2018-07-03,88.21444579283305
2018-07-04,86.79511041086333
2018-07-05,87.9805538470916
2018-07-06,77.52376606675011
2018-07-07,78.86386218312562
2018-07-08,88.82113250610384
2018-07-09,75.86234774033525
2018-07-10,68.3184223837224
2018-07-11,75.07486747091691
2018-07-12,72.44199471626665
2018-07-13,67.5694862252666
2018-07-14,71.97858306274904
2018-07-15,63.600476979262524
2018-07-16,63.28449903258345
2018-07-17,74.88677694793388
2018-07-18,54.46523884274515
2018-07-19,54.14420637993624
2018-07-20,76.54801713162755
2018-07-21,69.33816087776584
2018-07-22,67.47278606723584
2018-07-23,77.06047511770318
2018-07-24,77.70925417779293
2018-07-25,83.16062054417314
2018-07-26,81.34164161548954
2018-07-27,78.64363745917565
2018-07-28,84.45463253537064
2018-07-29,72.74524715281717
2018-07-30,71.13445330836977
2018-07-31,72.96104573023763
2018-08-01,69.66406395202273
2018-08-02,78.2932549752066
2018-08-03,75.75748299623376
2018-08-04,68.84950684965524
2018-08-05,64.24702218162166
2018-08-06,62.01817034571188
2018-08-07,60.350895048164205
2018-08-08,76.0008920886952
2018-08-09,65.64420059559289
2018-08-10,73.04527954668154
2018-08-11,62.71938568106544
2018-08-12,58.91214043050421
2018-08-13,54.247514033065805
2018-08-14,66.2712565301284
2018-08-15,76.57231925369099
2018-08-16,72.09309189134288
2018-08-17,64.70288212375904
2018-08-18,56.37034135966341
2018-08-19,68.66807645945508
2018-08-20,87.05578267085431
2018-08-21,86.78801403674163
2018-08-22,82.47983953001967
2018-08-23,78.62392704362625
2018-08-24,72.87951567053456
2018-08-25,57.103754411772385
2018-08-26,56.129085717985916
2018-08-27,55.93229530106122
2018-08-28,58.53254534649972
2018-08-29,56.03919901562007
2018-08-30,44.4371375417366
2018-08-31,59.801632328448676
2018-09-01,83.60238401064511
2018-09-02,91.42377724467556
2018-09-03,87.03328645886707
2018-09-04,75.50899434993032
2018-09-05,67.14474489999678
2018-09-06,58.12318557715191
2018-09-07,57.248855103429676
2018-09-08,59.54000296308525
2018-09-09,59.26277512547471
2018-09-10,65.94235183499494
2018-09-11,65.10279747152698
2018-09-12,60.543296192053894
2018-09-13,77.38070286110141
2018-09-14,80.84407222628293
2018-09-15,69.59553398175068
2018-09-16,80.94529524966077
2018-09-17,79.39289610792659
2018-09-18,74.99221770556093
2018-09-19,74.65944796516601
2018-09-20,84.35465657526771
2018-09-21,79.25271023269872
2018-09-22,72.64830189056318
2018-09-23,62.111163062401495
2018-09-24,63.00636494218488
2018-09-25,84.4823158598942
2018-09-26,82.69967229791314
2018-09-27,80.96463000329803
2018-09-28,78.00445453035344
2018-09-29,70.18288269242304
2018-09-30,66.73789469154711
2018-10-01,72.42965908550619
2018-10-02,93.07359095308098
2018-10-03,85.89356351650554
2018-10-04,67.83831556307352
2018-10-05,55.27990863503089
2018-10-06,67.80975765898458
2018-10-07,88.46767295841128
2018-10-08,83.5756415306538
2018-10-09,80.59402241034343
2018-10-10,91.65137044441208
2018-10-11,80.25989222288244
2018-10-12,79.94906765451695
2018-10-13,91.06608262585459
2018-10-14,85.95206334999158
2018-10-15,77.1690862582733
2018-10-16,73.25152437124281
2018-10-17,78.312849660216
2018-10-18,85.51769521735066
2018-10-19,80.37650649047053
2018-10-20,71.0935310296892
2018-10-21,68.30656622668816
2018-10-22,65.27996276542991
2018-10-23,80.15175533907009
2018-10-24,84.77176494301486
2018-10-25,91.89170082551145
2018-10-26,89.12780103751751
2018-10-27,74.87366297655369
2018-10-28,67.84986198943066
2018-10-29,64.06201524035282
2018-10-30,70.61252840184403
2018-10-31,82.71586508745357
2018-11-01,88.08364383130797
2018-11-02,83.11478688260482
2018-11-03,85.85683731821936
2018-11-04,82.87781910972659
2018-11-05,74.46529950772579
2018-11-06,72.79503078873466
2018-11-07,76.72890810585925
2018-11-08,66.99838647652102
2018-11-09,62.147605646661326
2018-11-10,65.59071447228624
2018-11-11,64.72241015346823
2018-11-12,60.19534990272908
2018-11-13,61.30608483808454
2018-11-14,81.3286079504128
2018-11-15,65.80003420701078
2018-11-16,68.10773299582449
2018-11-17,75.26875235468958
2018-11-18,85.23280628919454
2018-11-19,67.19449091270712
2018-11-20,67.55132355802193
2018-11-21,66.43455271397865
2018-11-22,65.82759480149257
2018-11-23,84.20555002376796
2018-11-24,76.83918624371225
2018-11-25,72.5156092206851
2018-11-26,68.41664244910189
2018-11-27,69.40291209119337
2018-11-28,80.57106691439047
2018-11-29,81.00181577055204
2018-11-30,80.87687412807654
2018-12-01,68.16013852156999
2018-12-02,64.85146307622264
2018-12-03,61.34594705865283
2018-12-04,58.44440652733373
2018-12-05,62.403609876864
2018-12-06,58.989652163322
2018-12-07,57.02644343508437
2018-12-08,51.10712938862072
2018-12-09,51.64941877251799
2018-12-10,53.07613912944004
2018-12-11,55.87635702242514
2018-12-12,57.29964705481544
2018-12-13,68.04495555716979
2018-12-14,55.288080066718805
2018-12-15,61.84405742351558
2018-12-16,69.5059940518622
2018-12-17,59.03526519596876
2018-12-18,56.93600293344748
2018-12-19,60.05375322166159
2018-12-20,56.75150729095936
2018-12-21,61.02398628519052
2018-12-22,85.57566398883192
2018-12-23,84.89317503736434
2018-12-24,80.03184215605755
2018-12-25,79.41627518322068
2018-12-26,76.49061678088574
2018-12-27,73.24567266457801
2018-12-28,76.9531572000628
2018-12-29,78.63228466078554
2018-12-30,78.65090225444088
2019-01-01,77.44752720816906
2019-01-02,71.39268917446884
2019-01-03,64.88952446006857
2019-01-04,77.2287549981063
2019-01-05,86.21195514582415
2019-01-06,83.69123136190301
2019-01-07,77.73048313170298
2019-01-08,85.18877200292201
2019-01-09,70.40265206460211
2019-01-10,65.43119505798225
2019-01-11,78.09301003614728
2019-01-12,76.5548173296311
2019-01-13,75.7560199474113
2019-01-14,69.57954733148179
2019-01-15,65.51299349114409
2019-01-16,62.966236617020314
2019-01-17,57.760695622770676
2019-01-18,67.17546461679613
2019-01-19,67.8601975806332
2019-01-20,67.64169829931618
2019-01-21,63.897829847674316
2019-01-22,61.7663839228037
2019-01-23,55.622666273579114
2019-01-24,59.49914072548721
2019-01-25,65.32830075963435
2019-01-26,57.72805091539733
2019-01-27,58.07447194386973
2019-01-28,58.29435575206262
2019-01-29,54.98331444437147
2019-01-30,51.70221951842329
2019-01-31,51.43060624499644
2019-02-01,49.71566803775055
2019-02-02,60.90536022899587
2019-02-03,74.92308705857756
2019-02-04,64.20458224351636
2019-02-05,59.95896017868616
2019-02-06,63.68635146904428
2019-02-07,53.31540402623034
2019-02-08,51.82328255078678
2019-02-09,51.40960220741757
2019-02-10,60.69448661756254
2019-02-11,63.75937559088789
2019-02-12,86.7831707120892
2019-02-13,67.55490616965345
2019-02-14,77.04447741428099
2019-02-15,74.03033380939956
2019-02-16,74.62538580343595
2019-02-17,76.94038971670861
2019-02-18,74.31993354747715
2019-02-19,68.29357332225645
2019-02-20,66.53590734318209
2019-02-21,61.82381566420278
2019-02-22,57.08422683490943
2019-02-23,58.78679911700817
2019-02-24,54.14172215730637
2019-02-25,59.92798343142132
2019-02-26,77.06914762581845
2019-02-27,66.50834718921453
2019-02-28,57.464358145094835
2019-03-01,56.21493468022618
2019-03-02,57.077009574070885
2019-03-03,54.83768723891787
2019-03-04,53.97948716292839
2019-03-05,63.64490169771424
2019-03-06,72.7435835316208
2019-03-07,74.8737243601764
2019-03-08,78.22417203243707
2019-03-09,89.15333215654181
2019-03-10,77.09749677838761
2019-03-11,77.41709268846779
2019-03-12,82.95105995139402
2019-03-13,91.35997738173818
2019-03-14,88.09151279230694
2019-03-15,86.98523259022453
2019-03-16,89.4234322504895
2019-03-17,92.56387895597862
2019-03-18,89.65323337127734
2019-03-19,84.99023902170693
2019-03-20,83.22697896463517
2019-03-21,71.33556142487922
2019-03-22,71.14408841386201
2019-03-23,74.57456329320112
2019-03-24,76.43492842789614
2019-03-25,68.53081475346501
2019-03-26,61.20294262753595
2019-03-27,62.308339993825
2019-03-28,70.84011814368108
2019-03-29,70.56904639848132
2019-03-30,65.41613085818075
2019-03-31,66.34204333379127
2019-04-01,75.03055742585751
2019-04-02,81.9677709555311
2019-04-03,89.20871634272609
2019-04-04,88.16685288926826
2019-04-05,85.8855658852274
2019-04-06,73.49832039354175
2019-04-07,78.34910217767191
2019-04-08,78.19853621211439
2019-04-09,80.2340117632069
2019-04-10,76.46040776786286
2019-04-11,80.11758155408894
2019-04-12,80.5206713079436
2019-04-13,77.616913147595
2019-04-14,78.08753678107658
2019-04-15,79.33538118884896
2019-04-16,81.47911804748523
2019-04-17,75.56128699926354
2019-04-18,72.58542486472089
2019-04-19,69.16060825617562
2019-04-20,79.13189696520925
2019-04-21,96.02700157014554
2019-04-22,89.40778678390777
2019-04-23,84.65399439000164
2019-04-24,83.2515822946239
2019-04-25,82.74343401044409
2019-04-26,89.05154643755998
2019-04-27,95.98804897021762
2019-04-28,84.954678102632
2019-04-29,80.90834900008625
2019-04-30,85.70995254438512
2019-05-01,85.38114481084575
2019-05-02,83.67323705280464
2019-05-03,83.70406428976472
2019-05-04,88.086223898001
2019-05-05,82.1957027348964
2019-05-06,89.1655595551939
2019-05-07,89.6833135678747
2019-05-08,88.8745705750827
2019-05-09,85.04672155999833
2019-05-10,81.50662226649591
2019-05-11,92.32619463535939
2019-05-12,80.30776530694568
2019-05-13,79.42059595045096
2019-05-14,78.6783088215071
2019-05-15,77.44130812675583
2019-05-16,76.55156735592809
2019-05-17,76.62488678176211
2019-05-18,76.0391984643504
2019-05-19,85.12848674868115
2019-05-20,84.14832135475598
2019-05-21,88.44570164978217
2019-05-22,90.12975728582218
2019-05-23,90.14811072541794
2019-05-24,85.63432402622544
2019-05-25,79.4576104334272
2019-05-26,75.9066285610006
2019-05-27,77.23982715178369
2019-05-28,92.6425165132694
2019-05-29,90.25055875000159
2019-05-30,93.1948826127215
2019-05-31,92.22833270481019
2019-06-01,86.30402771859121
2019-06-02,81.95595662596394
2019-06-03,80.98150283804961
2019-06-04,83.26204527848303
2019-06-05,77.52817821826731
2019-06-06,69.00072138857307
2019-06-07,71.39495305742291
2019-06-08,81.50117154675416
2019-06-09,85.10986566531182
2019-06-10,62.24064568294794
2019-06-11,76.2319674880046
2019-06-12,71.32518619976724
2019-06-13,64.4808337956159
2019-06-14,65.58088352501545
2019-06-15,68.25816413580937
2019-06-16,66.5434292000897
2019-06-17,79.93040799927614
2019-06-18,76.27531264557108
2019-06-19,86.47219802307444
2019-06-20,65.34044934480049
2019-06-21,73.14061898804651
2019-06-22,70.58807819965469
2019-06-23,67.77625831073995
2019-06-24,59.96602680209066
2019-06-25,58.699069989174056
2019-06-26,67.51777753082797
2019-06-27,79.4339589754978
2019-06-28,71.73820105826198
2019-06-29,60.51466639491066
2019-06-30,70.01553950611704
2019-07-01,87.77627685549106
2019-07-02,88.99317012715933
2019-07-03,78.5552347088041
2019-07-04,58.53272021842521
2019-07-05,58.256428493489
2019-07-06,63.13750640696497
2019-07-07,65.71790733813225
2019-07-08,67.8768159834769
2019-07-09,68.36781331516998
2019-07-10,66.18842737749821
2019-07-11,67.4979233294722
2019-07-12,58.49275613961596
2019-07-13,58.42195227116567
2019-07-14,82.94882294229457
2019-07-15,81.81180100580806
2019-07-16,63.95955602780531
2019-07-17,69.35371710430874
2019-07-18,66.75814947959891
2019-07-19,78.64904204412481
2019-07-20,75.71152462915417
2019-07-21,55.81270390032188
2019-07-22,52.02615328748595
2019-07-23,81.41065158397116
2019-07-24,83.00021560217887
2019-07-25,85.91315207472918
2019-07-26,81.40234782176279
2019-07-27,74.36305274466982
2019-07-28,77.61236276318894
2019-07-29,78.26708288795112
2019-07-30,82.69531490651134
2019-07-31,78.06344618704226
2019-08-01,59.90491969285266
2019-08-02,67.6516215151647
2019-08-03,62.36131133002044
2019-08-04,62.71988688755943
2019-08-05,67.19230452438364
2019-08-06,69.75804165097304
2019-08-07,62.14473456612146
2019-08-08,59.847821846720414
2019-08-09,84.52219838649287
2019-08-10,78.67609766421303
2019-08-11,75.19877204687772
2019-08-12,68.52855821101976
2019-08-13,61.51419630141044
2019-08-14,56.38278279636382
2019-08-15,58.65141412733336
2019-08-16,56.66360656640941
2019-08-17,43.74007014803803
2019-08-18,59.08801678287495
2019-08-19,54.19904253593733
2019-08-20,61.16160906113288
2019-08-21,60.90581817863566
2019-08-22,58.26587887921866
2019-08-23,65.63153439545074
2019-08-24,54.55496040283348
2019-08-25,46.371216291711654
2019-08-26,61.26885616372584
2019-08-27,73.01435077487868
2019-08-28,60.81380282141489
2019-08-29,51.460767586023216
2019-08-30,50.88405020367146
2019-08-31,78.43859814230838
2019-09-01,58.594200274151056
2019-09-02,58.518156226505944
2019-09-03,52.77328097513851
2019-09-04,57.945129026752575
2019-09-05,59.578312841221226
2019-09-06,72.54320155712607
2019-09-07,51.424532915886175
2019-09-08,41.559871711187526
2019-09-09,34.49801595580727
2019-09-10,56.81475678729724
2019-09-11,72.04344947961883
2019-09-12,80.2577851128918
2019-09-13,69.91973139796936
2019-09-14,69.9725642871107
2019-09-15,58.33596332741644
2019-09-16,48.50909900003494
2019-09-17,71.14047197356633
2019-09-18,76.66431758705953
2019-09-19,83.38544911488573
2019-09-20,76.72154315565653
2019-09-21,59.60545653992468
2019-09-22,53.76400654246542
2019-09-23,53.03981329266932
2019-09-24,57.75396699559269
2019-09-25,62.905444657958654
2019-09-26,52.39680946604777
2019-09-27,49.27841631600545
2019-09-28,48.14800878166821
2019-09-29,45.99488475607653
2019-09-30,36.40260973856977
2019-10-01,33.95961813498806
2019-10-02,52.8225546016252
2019-10-03,73.21400080507094
2019-10-04,71.6228019303404
2019-10-05,91.82279343937174
2019-10-06,78.48788803117066
2019-10-07,73.30503506347597
2019-10-08,67.60853429025298
2019-10-09,58.58762866344679
2019-10-10,53.19647626579358
2019-10-11,49.75565311275176
2019-10-12,49.060748099384945
2019-10-13,46.40090902556463
2019-10-14,59.021475209799874
2019-10-15,85.80193004546584
2019-10-16,79.20183258352118
2019-10-17,76.38363472973757
2019-10-18,86.6654464727597
2019-10-19,76.95133470374553
2019-10-20,75.92753960104565
2019-10-21,80.43093764330159
2019-10-22,66.71417955991981
2019-10-23,64.46590898408466
2019-10-24,59.613455475633465
2019-10-25,53.62765280819224
2019-10-26,50.01334104001664
2019-10-27,48.679096484615954
2019-10-28,45.375091112038334
2019-10-29,43.81731206322021
2019-10-30,43.322517734755635
2019-10-31,57.78618888116061
2019-11-01,56.00766740341244
2019-11-02,49.02475631990214
2019-11-03,53.49219141154732
2019-11-04,53.17287390460753
2019-11-05,68.7382098169333
2019-11-06,73.51961886630063
2019-11-07,79.98338436403644
2019-11-08,79.9888719967661
2019-11-09,73.42759248844617
2019-11-10,80.52212107149286
2019-11-11,69.2227754258444
2019-11-12,62.48980366534024
2019-11-13,81.47048412318253
2019-11-14,78.28759694622701
2019-11-15,63.71998993128934
2019-11-16,54.25233575593539
2019-11-17,53.60559964646081
2019-11-18,52.73111108381071
2019-11-19,48.857968356194945
2019-11-20,46.34133637700147
2019-11-21,45.43444024124782
2019-11-22,50.69101713784699
2019-11-23,60.79642878183091
2019-11-24,50.80870442536455
2019-11-25,50.87934156138758
2019-11-26,73.48777153660532
2019-11-27,82.5273292689415
2019-11-28,68.63364348404748
2019-11-29,71.58932557199283
2019-11-30,72.00928244246698
2019-12-01,78.95369880402878
2019-12-02,62.026292254492176
2019-12-03,59.27348834397673
2019-12-04,80.54611468899463
2019-12-05,66.30836286857866
2019-12-06,60.406531979796235
2019-12-07,56.16250117791192
2019-12-08,67.15757054973753
2019-12-09,76.16432403090839
2019-12-10,73.86395212016608
2019-12-11,74.40495099911318
2019-12-12,80.78134097773784
2019-12-13,75.125713921737
2019-12-14,66.90821265303917
2019-12-15,75.30920472629874
2019-12-16,82.82580050109296
2019-12-17,69.01054615505429
2019-12-18,63.15083374721987
2019-12-19,75.58278204712248
2019-12-20,73.94464895129389
2019-12-21,80.21507726776576
2019-12-22,69.08095136762363
2019-12-23,60.54447646194733
2019-12-24,62.06488967149379
2019-12-25,62.36269322638651
2019-12-26,67.6641780815258
2019-12-27,66.72657863873634
2019-12-28,62.8948782611154
2019-12-29,61.27453168981228
2019-12-30,64.30726296926198
2020-01-01,74.39932984218517
2020-01-02,65.30986229752891
2020-01-03,60.616464025799665
2020-01-04,67.92120978353007
2020-01-05,68.47207212424702
2020-01-06,63.24862304012465
2020-01-07,70.5511917841502
2020-01-08,66.17738617933684
2020-01-09,67.33124010182816
2020-01-10,70.85527557488835
2020-01-11,79.23106549536469
2020-01-12,80.61159589009468
2020-01-13,85.91974279990667
2020-01-14,83.91556399258003
2020-01-15,72.86314566723567
2020-01-16,76.77326043479775
2020-01-17,74.8383514664329
2020-01-18,73.43211100922689
2020-01-19,67.1640992044648
2020-01-20,61.03781790172378
2020-01-21,67.05318329056855
2020-01-22,87.14570935472963
2020-01-23,80.40129253883823
2020-01-24,69.52341359240444
2020-01-25,63.73638000753287
2020-01-26,60.05489574838854
2020-01-27,57.42234288028938
2020-01-28,56.83246767657816
2020-01-29,67.05234121058942
2020-01-30,86.6585405966275
2020-01-31,76.04015810037058
2020-02-01,72.36637394584754
2020-02-02,81.72856926487877
2020-02-03,77.63895301662242
2020-02-04,70.62254869201415
2020-02-05,72.59923197306261
2020-02-06,74.71432726705599
2020-02-07,72.06417497154968
2020-02-08,72.75608539769571
2020-02-09,73.30211972406744
2020-02-10,68.07818913978322
2020-02-11,54.27758426540004
2020-02-12,63.9173072524187
2020-02-13,58.95575820095873
2020-02-14,58.846790758013924
2020-02-15,71.13130199012095
2020-02-16,79.88451088236636
2020-02-17,69.46693689395372
2020-02-18,66.67100799456973
2020-02-19,80.29970647519798
2020-02-20,69.90915206280665
2020-02-21,55.17198668188195
2020-02-22,48.85629738188963
2020-02-23,53.057657256698256
2020-02-24,56.240546459423825
2020-02-25,68.05133412152021
2020-02-26,71.40270985538513
2020-02-27,53.85821488811191
2020-02-28,55.8260194776383
2020-02-29,56.053386409940856
2020-03-01,50.97074091973554
2020-03-02,50.043906930028456
2020-03-03,53.90583444877439
2020-03-04,50.56408631242114
2020-03-05,44.47288610440706
2020-03-06,41.32404388280242
2020-03-07,40.54965078264143
2020-03-08,43.104932252707954
2020-03-09,45.51563762157734
2020-03-10,42.81367614089051
2020-03-11,38.2511741824626
2020-03-12,39.53418183761911
2020-03-13,42.83649451956565
2020-03-14,40.99898543785637
2020-03-15,41.259814230180965
2020-03-16,54.322292107365456
2020-03-17,55.236187838337784
2020-03-18,64.72817600057554
2020-03-19,82.9884909035766
2020-03-20,60.84480468090387
2020-03-21,55.540585660312274
2020-03-22,50.80950788349275
2020-03-23,50.00405291570813
2020-03-24,46.04820582707249
2020-03-25,42.77275493144216
2020-03-26,44.79076157909033
2020-03-27,46.48439225223098
2020-03-28,67.0988959836471
2020-03-29,70.82335064388742
2020-03-30,68.3030903625215
2020-03-31,62.10126488625883
2020-04-01,57.21057969217498
2020-04-02,66.94589919594034
2020-04-03,53.00892468472274
2020-04-04,55.98945509722386
2020-04-05,51.73581850934546
2020-04-06,74.65365089020726
2020-04-07,65.19579393793055
2020-04-08,57.297040520669896
2020-04-09,59.12372869975958
2020-04-10,62.60187037844141
2020-04-11,60.82119649672631
2020-04-12,59.42712167581735
2020-04-13,66.90722101543687
2020-04-14,68.67901186355846
2020-04-15,59.015981397599994
2020-04-16,62.07813391654952
2020-04-17,57.205420067691634
2020-04-18,64.46215426302001
2020-04-19,65.68636360371967
2020-04-20,64.3518635141663
2020-04-21,64.82743985464607
2020-04-22,60.793302191339045
2020-04-23,57.131590812372664
2020-04-24,48.36709652807702
2020-04-25,52.078388234579364
2020-04-26,61.66980697071662
2020-04-27,50.41018343585413
2020-04-28,43.868208514275864
2020-04-29,58.63639759130924
2020-04-30,64.06011009978278
2020-05-01,67.42467947844467
2020-05-02,65.28006139731693
2020-05-03,46.384432839916514
2020-05-04,50.852872646622124
2020-05-05,59.68723482384929
2020-05-06,66.82161758032856
2020-05-07,58.733530073317674
2020-05-08,59.8087248622734
2020-05-09,56.33422557531289
2020-05-10,53.20502907977605
2020-05-11,57.34021738695868
2020-05-12,92.74761861951198
2020-05-13,92.06793338810661
2020-05-14,68.84736687628323
2020-05-15,62.80070318748777
2020-05-16,65.49160779418138
2020-05-17,65.13957192900179
2020-05-18,66.28445643369442
2020-05-19,59.72169702012945
2020-05-20,55.60619525419461
2020-05-21,68.26313386591796
2020-05-22,92.74825255554836
2020-05-23,74.10473062990852
2020-05-24,72.76046648664713
2020-05-25,75.07645803411323
2020-05-26,75.98849990657088
2020-05-27,78.32017230953619
2020-05-28,72.71149758062145
2020-05-29,68.19537872478541
2020-05-30,71.33171910164242
2020-05-31,75.99960010276568
2020-06-01,73.65283965936172
2020-06-02,74.25034812357131
2020-06-03,73.84870199904712
2020-06-04,91.24607409057755
2020-06-05,93.06273308924692
2020-06-06,74.05569127148306
2020-06-07,78.70531317882968
2020-06-08,80.91582587084228
2020-06-09,88.69645028389822
2020-06-10,87.34488238536431
2020-06-11,77.71006605449843
2020-06-12,65.29812737392685
2020-06-13,74.11330072775431
2020-06-14,53.92757038642193
2020-06-15,75.19252022629504
2020-06-16,71.6693014661068
2020-06-17,61.29126323079927
2020-06-18,60.20107239258723
2020-06-19,65.43956958474168
2020-06-20,62.94911234887324
2020-06-21,59.034453821260826
2020-06-22,60.63466724389866
2020-06-23,54.2371268125633
2020-06-24,48.41812681888701
2020-06-25,70.19109238785559
2020-06-26,67.80165859893647
2020-06-27,70.50375894170521
2020-06-28,77.96483377018646
2020-06-29,84.4476092688086
2020-06-30,84.21153773445148
2020-07-01,68.19460123081393
2020-07-02,76.40145317231568
2020-07-03,71.45602942028184
2020-07-04,69.60654594297282
2020-07-05,70.14725371495479
2020-07-06,89.02403189865085
2020-07-07,96.38750569030401
2020-07-08,84.79701632441962
2020-07-09,75.14606119405686
2020-07-10,77.91436830631113
2020-07-11,79.2828214928623
2020-07-12,84.14408986954761
2020-07-13,87.17979251429585
2020-07-14,62.25282898834731
2020-07-15,66.23987405744208
2020-07-16,77.85021086293642
2020-07-17,75.95533384320589
2020-07-18,57.56363534376185
2020-07-19,49.20816097360881
2020-07-20,49.59365420589261
2020-07-21,54.22616365074884
2020-07-22,52.746657589785904
2020-07-23,52.84603905455783
2020-07-24,69.106906296643
2020-07-25,72.26648315677724
2020-07-26,64.52071588571283
2020-07-27,69.96311872100587
2020-07-28,80.00962056722369
2020-07-29,60.32768003452536
2020-07-30,67.31297640892637
2020-07-31,71.67096469981334
2020-08-01,64.15320587081739
2020-08-02,54.23697221247162
2020-08-03,53.30534876489364
2020-08-04,49.41056581766782
2020-08-05,40.69956637289908
2020-08-06,42.17802831163536
2020-08-07,44.270738214610304
2020-08-08,44.61747976418569
2020-08-09,44.381857634537305
2020-08-10,41.750744793980346
2020-08-11,52.198173457385856
2020-08-12,78.81632457937752
2020-08-13,80.620200481469
2020-08-14,85.09697634880226
2020-08-15,81.62526189763007
2020-08-16,72.82847279400652
2020-08-17,71.42530497529697
2020-08-18,85.49331965736916
2020-08-19,82.15435208716325
2020-08-20,48.737811817355926
2020-08-21,48.460212943222366
2020-08-22,61.45715041400443
2020-08-23,65.28414073510551
2020-08-24,59.6567920260118
2020-08-25,54.86012824587522
2020-08-26,46.92968695621826
2020-08-27,45.95298125509708
2020-08-28,45.46868317216369
2020-08-29,45.570853165126316
2020-08-30,65.96066751697559
2020-08-31,65.13759124739593
2020-09-01,66.0868803296924
2020-09-02,66.17433642021501
2020-09-03,61.9113088836811
2020-09-04,61.15602881406658
2020-09-05,55.041820536765115
2020-09-06,57.793614568809126
2020-09-07,80.43841621514726
2020-09-08,79.57168051801887
2020-09-09,72.37718454517439
2020-09-10,64.35277161802954
2020-09-11,52.41550486537173
2020-09-12,40.11869861578799
2020-09-13,43.07173348785152
2020-09-14,72.1186275732168
2020-09-15,67.58794846937946
2020-09-16,74.21317056740051
2020-09-17,74.59920311433474
2020-09-18,67.79287597951615
2020-09-19,54.030617138062475
2020-09-20,43.94469496904853
2020-09-21,42.96131891490558
2020-09-22,42.58783274090425
2020-09-23,53.92623069822649
2020-09-24,46.10783063999003
2020-09-25,39.99932058882464
2020-09-26,32.339572368063926
2020-09-27,40.49808564963783
2020-09-28,60.04140984733594
2020-09-29,54.773538960455404
2020-09-30,46.57362095009133
2020-10-01,34.99636162807307
2020-10-02,32.835905473477
2020-10-03,55.94850567053087
2020-10-04,58.97998374265753
2020-10-05,56.8547026188107
2020-10-06,56.588897508830705
2020-10-07,50.6777104067926
2020-10-08,47.69072834205255
2020-10-09,61.22102968681788
2020-10-10,46.39026792843664
2020-10-11,34.82373069644334
2020-10-12,34.582131796633384
2020-10-13,41.23982435201247
2020-10-14,58.55954009930722
2020-10-15,85.92719202103694
2020-10-16,73.93383096720633
2020-10-17,65.35851579742169
2020-10-18,62.498146769346214
2020-10-19,62.155179151193394
2020-10-20,58.3407625262384
2020-10-21,57.62432361289741
2020-10-22,57.67544997853829
2020-10-23,52.10078392357431
2020-10-24,58.907024566337476
2020-10-25,57.06590794408242
2020-10-26,67.07972568784061
2020-10-27,67.3845115974804
2020-10-28,59.52972329114773
2020-10-29,58.95344933809327
2020-10-30,54.02983711320897
2020-10-31,49.816039619156044
2020-11-01,52.576497612474164
2020-11-02,44.21571800487595
2020-11-03,40.712233975726065
2020-11-04,35.431099495638485
2020-11-05,30.39471535189285
2020-11-06,27.283833165851593
2020-11-07,30.50729730387633
2020-11-08,36.017053971904694
2020-11-09,67.54956910056156
2020-11-10,85.61217500325569
2020-11-11,78.03999366474042
2020-11-12,66.09569798863366
2020-11-13,58.39825275508687
2020-11-14,51.86339777599492
2020-11-15,70.89437553671524
2020-11-16,72.57832290231097
2020-11-17,64.24285900799525
2020-11-18,62.230799077453746
2020-11-19,54.23106384141224
2020-11-20,48.40521219832208
2020-11-21,41.6649716724529
2020-11-22,35.98795007698037
2020-11-23,37.36559676744313
2020-11-24,33.40927044572618
2020-11-25,37.87631013033238
2020-11-26,62.90760053422113
2020-11-27,72.10528345849146
2020-11-28,58.842768648818605
2020-11-29,50.432857512292294
2020-11-30,70.97995218335488
2020-12-01,75.99724452409644
2020-12-02,69.58161718156315
2020-12-03,80.00043142821467
2020-12-04,87.45555610080042
2020-12-05,71.9590026061271
2020-12-06,66.14317802027014
2020-12-07,61.35677787002543
2020-12-08,58.295102951068145
2020-12-09,55.96233809726029
2020-12-10,45.02611530419589
2020-12-11,46.28161134753562
2020-12-12,51.803415209723475
2020-12-13,55.8899217411348
2020-12-14,79.4268741594715
2020-12-15,64.8151292671548
2020-12-16,84.35661304041186
2020-12-17,77.2672806283412
2020-12-18,80.21097277195462
2020-12-19,67.3667835833894
2020-12-20,86.14701269601973
2020-12-21,68.06233148843666
2020-12-22,54.395174646951816
2020-12-23,57.97584879819039
2020-12-24,61.57093244546638
2020-12-25,58.30209633294776
2020-12-26,61.1657672699095
2020-12-27,63.138911976585355
2020-12-28,61.31773212583641
2020-12-29,69.85293856469448
2020-12-30,70.94021490966496
2021-01-01,63.471407401631524
2021-01-02,55.10821409246572
2021-01-03,49.21730302738119
2021-01-04,67.55557044710564
2021-01-05,90.20372741545621
2021-01-06,80.86806520486904
2021-01-07,85.85709409105456
2021-01-08,80.25843607445142
2021-01-09,82.1254698745756
2021-01-10,78.87657529133145
2021-01-11,71.78586319937466
2021-01-12,75.52964202474682
2021-01-13,78.21231187847526
2021-01-14,75.88270396149487
2021-01-15,70.79809143929002
2021-01-16,75.54961630102788
2021-01-17,92.80913871164402
2021-01-18,65.08387632386133
2021-01-19,64.41643022331952
2021-01-20,82.41092898145651
2021-01-21,85.49510053707873
2021-01-22,84.00516504728681
2021-01-23,84.3899524893159
2021-01-24,85.77231962800913
2021-01-25,84.58649681931152
2021-01-26,78.59537636502452
2021-01-27,86.01512391519523
2021-01-28,85.45271802832059
2021-01-29,82.09603024448951
2021-01-30,79.33347783174517
2021-01-31,88.82815583311186
2021-02-01,87.21169955052017
2021-02-02,85.54055147784044
2021-02-03,85.47925981228009
2021-02-04,74.6287538276813
2021-02-05,69.79034724623256
2021-02-06,69.31396761705156
2021-02-07,65.08818665249557
2021-02-08,65.03308771010991
2021-02-09,63.34123400088085
2021-02-10,76.3873000373363
2021-02-11,77.80832453142494
2021-02-12,78.06425696903273
2021-02-13,74.133071763981
2021-02-14,72.99272712904717
2021-02-15,74.06449333046179
2021-02-16,69.8752349496867
2021-02-17,63.334095201832305
2021-02-18,58.5766690896201
2021-02-19,54.75472315951856
2021-02-20,56.658549586726025
2021-02-21,54.834195828321306
2021-02-22,57.66042402253766
2021-02-23,57.23135157544904
2021-02-24,64.3385705414266
2021-02-25,68.86191215109089
2021-02-26,55.3066351074708
2021-02-27,56.106312787808044
2021-02-28,56.14251171877251
2021-03-01,61.101584179682895
2021-03-02,65.609268633067
2021-03-03,74.29648892379431
2021-03-04,84.53143701443754
2021-03-05,82.79582856446393
2021-03-06,70.18581973439615
2021-03-07,56.55970961873688
2021-03-08,58.27629319279
2021-03-09,57.24153435873825
2021-03-10,54.382809979982504
2021-03-11,49.18146058219763
2021-03-12,48.46687858344274
2021-03-13,48.205760715222546
2021-03-14,48.8736060804486
2021-03-15,47.80624076995546
2021-03-16,58.566181529179886
2021-03-17,81.79717038450832
2021-03-18,64.32667434279246
2021-03-19,65.91394002463717
2021-03-20,71.32027493847087
2021-03-21,81.91278679024971
2021-03-22,80.83147035702514
2021-03-23,83.08510771204121
2021-03-24,77.33080393700487
2021-03-25,67.30802670606874
2021-03-26,62.016585447349726
2021-03-27,75.41235090943648
2021-03-28,81.80163976167695
2021-03-29,73.67449428110758
2021-03-30,70.72517839840124
2021-03-31,70.33540053352156
2021-04-01,58.73394223431239
2021-04-02,62.55866682891056
2021-04-03,65.34090545816078
2021-04-04,61.8894218526794
2021-04-05,59.16580270345289
2021-04-06,75.21462134200802
2021-04-07,69.13890255264965
2021-04-08,59.94353399798142
2021-04-09,58.07732188549059
2021-04-10,52.68110871784406
2021-04-11,64.69594243088028
2021-04-12,68.46034305427533
2021-04-13,67.25522034995878
2021-04-14,67.1798770359658
2021-04-15,72.65803189245183
2021-04-16,76.06084582011266
2021-04-17,76.16335066795187
2021-04-18,70.75602778330683
2021-04-19,67.19929146278582
2021-04-20,62.857126274414284
2021-04-21,57.93568633291343
2021-04-22,57.06579146989218
2021-04-23,60.15659055449324
2021-04-24,88.3613708298201
2021-04-25,83.74811887092642
2021-04-26,74.17714070209443
2021-04-27,69.87957864840422
2021-04-28,68.85574986215768
2021-04-29,69.24208744609375
2021-04-30,66.9585171713834
2021-05-01,64.08891353925576
2021-05-02,68.94574202521005
2021-05-03,67.93290742405183
2021-05-04,62.15041106463602
2021-05-05,89.13521167893121
2021-05-06,84.56566394451639
2021-05-07,68.00704429932907
2021-05-08,74.40471528410002
2021-05-09,73.32423797880205
2021-05-10,71.54522410704534
2021-05-11,86.69229856374947
2021-05-12,74.7619209142467
2021-05-13,70.81638978639087
2021-05-14,73.87850277553058
2021-05-15,75.37347679911748
2021-05-16,72.52667646681876
2021-05-17,70.71124939513889
2021-05-18,70.30534499655688
2021-05-19,64.75241885374594
2021-05-20,63.46393405572658
2021-05-21,60.36411226516487
2021-05-22,81.77974855921302
2021-05-23,63.6756367772817
2021-05-24,68.39396917500846
2021-05-25,70.21825469250156
2021-05-26,64.12876286030452
2021-05-27,70.72427004125949
2021-05-28,68.03612773311305
2021-05-29,74.28708418125399
2021-05-30,51.6068110157645
2021-05-31,54.91346211170076
2021-06-01,73.47196338543
2021-06-02,78.89624287921757
2021-06-03,76.5764167984057
2021-06-04,60.31038736659561
2021-06-05,56.81218580033778
2021-06-06,84.95120365706127
2021-06-07,86.67068731116167
2021-06-08,86.47915099268256
2021-06-09,89.15029612796624
2021-06-10,90.03235977534965
2021-06-11,75.22702579704048
2021-06-12,75.6583220968856
2021-06-13,70.65349499261067
2021-06-14,74.25335198108571
2021-06-15,78.26700519476746
2021-06-16,75.40737029721129
2021-06-17,65.06487447040942
2021-06-18,70.95262031791792
2021-06-19,84.97832826592786
2021-06-20,81.48889428733229
2021-06-21,87.7515548085483
2021-06-22,91.39484749645105
2021-06-23,78.81665203686138
2021-06-24,77.9463967054315
2021-06-25,84.34304914859946
2021-06-26,78.83314661115364
2021-06-27,85.25618627661258
2021-06-28,60.71401505179946
2021-06-29,68.30156724067103
2021-06-30,74.42190844584714
2021-07-01,73.13109058857708
2021-07-02,66.89104070030373
2021-07-03,75.24374245254462
2021-07-04,72.68215360240914
2021-07-05,72.96505429889102
2021-07-06,71.77337058899822
2021-07-07,62.598011200770344
2021-07-08,65.0973866078263
2021-07-09,64.07846053012092
2021-07-10,62.306741554498494
2021-07-11,61.76860066809308
2021-07-12,56.19557858969751
2021-07-13,55.63847333127126
2021-07-14,53.99142944378826
2021-07-15,86.40488851673891
2021-07-16,76.24625380601127
2021-07-17,76.75730864677008
2021-07-18,58.4280660768938
2021-07-19,59.50061443387569
2021-07-20,68.55386622836227
2021-07-21,64.04822583540141
2021-07-22,58.353216663136806
2021-07-23,51.45285974085005
2021-07-24,50.10411863119096
2021-07-25,45.58980088346259
2021-07-26,52.304603543488106
2021-07-27,61.09387785956958
2021-07-28,47.14307312852527
2021-07-29,55.3798348073619
2021-07-30,61.62462519850613
2021-07-31,62.2082022164324
2021-08-01,69.84149125465103
2021-08-02,64.4906939366511
2021-08-03,63.474597849522915
2021-08-04,65.39403316649884
2021-08-05,63.21272164467488
2021-08-06,67.42021170500534
2021-08-07,52.34007278390366
2021-08-08,47.311226627947356
2021-08-09,49.4969774794573
2021-08-10,77.97093818077347
2021-08-11,67.12676797346137
2021-08-12,56.64006935334741
2021-08-13,65.67470011598282
2021-08-14,74.25125340580644
2021-08-15,71.58800466007138
2021-08-16,65.81328467264542
2021-08-17,52.50934368226686
2021-08-18,41.537750463320634
2021-08-19,30.682312694064564
2021-08-20,28.40885768362562
2021-08-21,38.933741169838974
2021-08-22,35.76030511039068
2021-08-23,37.58188539547307
2021-08-24,59.461029401294724
2021-08-25,82.12203445478767
2021-08-26,73.88568497333482
2021-08-27,65.39210066837427
2021-08-28,70.3090669893002
2021-08-29,70.28629850244793
2021-08-30,58.21144882709615
2021-08-31,50.88035346171217
2021-09-01,44.124670310617596
2021-09-02,37.54725952739412
2021-09-03,56.49536595501743
2021-09-04,57.93486262623247
2021-09-05,71.80793867434214
2021-09-06,56.8609874513007
2021-09-07,43.09021414645724
2021-09-08,68.40730982294167
2021-09-09,66.65068926868207
2021-09-10,65.71431084898897
2021-09-11,64.26209468064008
2021-09-12,51.166674686772765
2021-09-13,42.33676641479986
2021-09-14,88.28958431225237
2021-09-15,69.06325727586609
2021-09-16,72.78609774602447
2021-09-17,78.66411201167571
2021-09-18,70.48910299166052
2021-09-19,56.90355205595228
2021-09-20,47.07804838992166
2021-09-21,72.55881594701117
2021-09-22,69.32804388035846
2021-09-23,68.24676388162926
2021-09-24,62.25232285340834
2021-09-25,58.171627014836595
2021-09-26,52.26638112384772
2021-09-27,45.717640259789455
2021-09-28,48.23890938964165
2021-09-29,69.0291300016911
2021-09-30,54.33453767919735
2021-10-01,67.70931339309374
2021-10-02,77.9431523428076
2021-10-03,93.42333368981782
2021-10-04,74.0612512706595
2021-10-05,71.20111549207853
2021-10-06,79.37630766352784
2021-10-07,89.24355166086187
2021-10-08,82.61297312034874
2021-10-09,93.02694531077785
2021-10-10,82.08778568603753
2021-10-11,74.56522827213436
2021-10-12,74.42998283996018
2021-10-13,66.13821295021121
2021-10-14,82.74583588787496
2021-10-15,90.98109081933457
2021-10-16,75.4888342710181
2021-10-17,75.8968509587718
2021-10-18,69.20288008545046
2021-10-19,67.08693023043342
2021-10-20,61.725343591119774
2021-10-21,60.17109546286203
2021-10-22,58.57155366196471
2021-10-23,65.79900559553192
2021-10-24,71.2758269305193
2021-10-25,62.49474408683277
2021-10-26,63.18276905935083
2021-10-27,57.7830236198804
2021-10-28,55.0019152426503
2021-10-29,66.08358126709632
2021-10-30,74.5692637415936
2021-10-31,74.77350282101098
2021-11-01,67.63242150640278
2021-11-02,62.38848745398445
2021-11-03,62.963821505293346
2021-11-04,59.78719552403501
2021-11-05,61.507716230747434
2021-11-06,75.11744407443746
2021-11-07,67.99145345466214
2021-11-08,65.84457803469567
2021-11-09,59.82886393940286
2021-11-10,63.87478950424572
2021-11-11,78.66075451720094
2021-11-12,68.42536249776892
2021-11-13,58.81395879688288
2021-11-14,53.414592165121995
2021-11-15,63.70149266574911
2021-11-16,74.44824329865486
2021-11-17,88.79524566100379
2021-11-18,91.28546568931931
2021-11-19,73.19084384679483
2021-11-20,62.60010810892348
2021-11-21,62.281808007473494
2021-11-22,57.37377020872303
2021-11-23,60.48153907798087
2021-11-24,62.50033096647478
2021-11-25,73.68883332398075
2021-11-26,74.84496492026572
2021-11-27,66.51795984071268
2021-11-28,73.84428731572957
2021-11-29,67.10381982711714
2021-11-30,61.86094986782448
2021-12-01,55.33600766598786
2021-12-02,51.30813709615109
2021-12-03,49.134410397922714
2021-12-04,49.126536435726614
2021-12-05,53.53645880267786
2021-12-06,50.301288958277105
2021-12-07,46.51387008780522
2021-12-08,46.64156268465459
2021-12-09,43.21937964274534
2021-12-10,41.84297274906458
2021-12-11,41.80841702464266
2021-12-12,55.05929782161035
2021-12-13,76.7712791337117
2021-12-14,78.34591097913204
2021-12-15,70.52245261562129
2021-12-16,64.06682672763432
2021-12-17,54.680636263670344
2021-12-18,52.264194458518006
2021-12-19,55.596215220843334
2021-12-20,54.34663388090005
2021-12-21,55.601910188957895
2021-12-22,53.04403762687977
2021-12-23,45.860810132730656
2021-12-24,37.66670204421876
2021-12-25,43.608688522297044
2021-12-26,37.39411091228765
2021-12-27,37.081095906385436
2021-12-28,32.39998251286958
2021-12-29,30.318063692628748
2021-12-30,46.33871664860908
2022-01-01,41.22668790797031
2022-01-02,45.24690725795081
2022-01-03,64.68687979084594
2022-01-04,71.4312604609731
2022-01-05,59.72955515619971
2022-01-06,54.405289514508716
2022-01-07,53.652833958645665
2022-01-08,60.479573027486566
2022-01-09,59.306988017474076
2022-01-10,52.246055154174975
2022-01-11,38.33588359343919
2022-01-12,37.58114375425552
2022-01-13,45.427402706137755
2022-01-14,54.9286344525077
2022-01-15,54.07989725365341
2022-01-16,41.50864755006478
2022-01-17,35.3856809288341
2022-01-18,31.144698498139284
2022-01-19,38.22867476038498
2022-01-20,47.64267975455561
2022-01-21,47.0221443981145
2022-01-22,40.780815296938485
2022-01-23,35.746012897730274
2022-01-24,36.694447948822884
2022-01-25,48.37275501396491
2022-01-26,48.605472715838516
2022-01-27,79.747344368886
2022-01-28,68.89406482592686
2022-01-29,61.3154528925156
2022-01-30,56.919429108381166
2022-01-31,47.98796410160225
2022-02-01,42.99947697549419
2022-02-02,43.645743949681524
2022-02-03,60.62478002173348
2022-02-04,81.95257758876772
2022-02-05,87.23633555288534
2022-02-06,63.17360184125561
2022-02-07,54.37256595761632
2022-02-08,49.628094322575
2022-02-09,51.00411381125512
2022-02-10,50.43985492531514
2022-02-11,49.8873155442583
2022-02-12,54.50413684680248
2022-02-13,59.66701958356552
2022-02-14,51.6424364476086
2022-02-15,40.08490852044885
2022-02-16,37.40786246541541
2022-02-17,38.39561508007644
2022-02-18,39.59962296854166
2022-02-19,37.007029472080816
2022-02-20,49.97776686535786
2022-02-21,67.37434581543951
2022-02-22,63.740526475190464
2022-02-23,60.150409952766005
2022-02-24,54.130306204815646
2022-02-25,57.46096268843329
2022-02-26,59.4312233807362
2022-02-27,50.551558471026354
2022-02-28,46.66437751283301
2022-03-01,67.8977573728389
2022-03-02,67.79159675975136
2022-03-03,78.61174783151786
2022-03-04,68.7724903324756
2022-03-05,62.6919972675898
2022-03-06,54.55976289610442
2022-03-07,50.29257414169863
2022-03-08,56.54541327880843
2022-03-09,59.461595944590194
2022-03-10,62.08027337813213
2022-03-11,92.10382362004401
2022-03-12,71.56486958006333
2022-03-13,70.61037676760803
2022-03-14,65.21715861277812
2022-03-15,65.54075067210037
2022-03-16,65.74183820739654
2022-03-17,61.79266613341432
2022-03-18,67.42367229150211
2022-03-19,76.80277300082153
2022-03-20,65.78268535328873
2022-03-21,64.94795956271916
2022-03-22,61.07078963059573
2022-03-23,77.61318950395577
2022-03-24,82.11027613247447
2022-03-25,65.12188893592403
2022-03-26,68.26102936846229
2022-03-27,72.24591102763831
2022-03-28,69.12277470832164
2022-03-29,69.46671913865114
2022-03-30,77.4352667598091
2022-03-31,53.16445807538225
2022-04-01,60.912088116298555
2022-04-02,73.41429378573129
2022-04-03,75.47663151718042
2022-04-04,87.22980658286163
2022-04-05,85.79713587287634
2022-04-06,81.00351306467971
2022-04-07,84.31935601598352
2022-04-08,89.48123966057429
2022-04-09,82.9612440479267
2022-04-10,77.59863659180958
2022-04-11,80.65277721763523
2022-04-12,91.04193911620753
2022-04-13,79.1068243134451
2022-04-14,63.58801115472926
2022-04-15,64.48745562495738
2022-04-16,69.70287237021749
2022-04-17,73.04863812908918
2022-04-18,70.68088651873431
2022-04-19,70.12099878635945
2022-04-20,71.28421011404347
2022-04-21,82.97619459618645
2022-04-22,83.41689966311347
2022-04-23,83.18352997685025
2022-04-24,77.59615244011547
2022-04-25,65.83392702296211
2022-04-26,65.65526477512158
2022-04-27,62.1793478613008
2022-04-28,66.11115727742171
2022-04-29,90.50644757952934
2022-04-30,85.00924742698788
2022-05-01,86.44231245422951
2022-05-02,92.6692629387672
2022-05-03,81.48685346730359
2022-05-04,74.77199844217743
2022-05-05,82.75561521827267
2022-05-06,78.54095969711426
2022-05-07,74.3090276531034
2022-05-08,71.18139239958629
2022-05-09,76.29512643249652
2022-05-10,82.06388198113581
2022-05-11,74.4613843518898
2022-05-12,76.85413221566543
2022-05-13,77.7163565836712
2022-05-14,89.82154586131539
2022-05-15,80.35156018329457
2022-05-16,66.86388952395585
2022-05-17,66.57688976287939
2022-05-18,68.49524864740482
2022-05-19,73.71609304672326
2022-05-20,73.57934949034217
2022-05-21,71.5780478751499
2022-05-22,73.32150891985187
2022-05-23,71.63106358737927
2022-05-24,67.12094019066187
2022-05-25,61.62829070169065
2022-05-26,75.61529694944295
2022-05-27,89.737877469334
2022-05-28,89.16599125334352
2022-05-29,95.76751034667771
2022-05-30,80.81919992639891
2022-05-31,66.6601612428397
2022-06-01,75.00044049363831
2022-06-02,84.09403317985802
2022-06-03,78.11128771349652
2022-06-04,84.89704811935206
2022-06-05,78.36820548305096
2022-06-06,82.37813935070865
2022-06-07,86.58800692325215
2022-06-08,83.36257156337757
2022-06-09,85.21386012275985
2022-06-10,77.92250286547619
2022-06-11,69.00313748167817
2022-06-12,67.71661774896532
2022-06-13,72.62361702668791
2022-06-14,73.92282532562811
2022-06-15,73.84035525059682
2022-06-16,72.24956389787545
2022-06-17,83.08992437888833
2022-06-18,69.98129084999213
2022-06-19,75.29834939074698
2022-06-20,80.99011014346168
2022-06-21,80.2024744598221
2022-06-22,90.08421143300646
2022-06-23,93.46531226391706
2022-06-24,89.1801469564639
2022-06-25,91.39043062949716
2022-06-26,89.18047900112505
2022-06-27,83.22787869342375
2022-06-28,80.91072653173961
2022-06-29,73.86771877423791
2022-06-30,82.6123840453865
2022-07-01,77.42619215772065
2022-07-02,64.1681990490842
2022-07-03,73.10963410246285
2022-07-04,63.50754807368023
2022-07-05,61.832019984874464
2022-07-06,58.739188706390685
2022-07-07,53.70361075900231
2022-07-08,65.39648824638587
2022-07-09,54.78253096892005
2022-07-10,52.356123400117106
2022-07-11,54.16829684648846
2022-07-12,76.4700844898172
2022-07-13,76.93685372933678
2022-07-14,70.78676896394543
2022-07-15,52.79655236597071
2022-07-16,77.41642841951834
2022-07-17,71.0257356996839
2022-07-18,81.09214867794994
2022-07-19,86.13248797574452
2022-07-20,77.3966645694752
2022-07-21,64.6127624316104
2022-07-22,62.4146808555319
2022-07-23,60.27428895814061
2022-07-24,57.06657468995466
2022-07-25,55.33792928374632
2022-07-26,57.633854001447574
2022-07-27,57.58038626738681
2022-07-28,62.90065621011095
2022-07-29,62.69284989584086
2022-07-30,65.1666654974366
2022-07-31,61.92376862985212
2022-08-01,65.44932807529523
2022-08-02,58.52470785890567
2022-08-03,46.26355158373947
2022-08-04,65.56843041842197
2022-08-05,70.3383558289166
2022-08-06,80.75129975769528
2022-08-07,88.6370646714699
2022-08-08,78.8787499429776
2022-08-09,78.39107269772248
2022-08-10,75.6955887872035
2022-08-11,73.44729279285633
2022-08-12,69.49149027115651
2022-08-13,61.409955845392865
2022-08-14,57.732847000209524
2022-08-15,51.25768625554371
2022-08-16,82.6135202940958
2022-08-17,84.94637830151251
2022-08-18,65.11483290639227
2022-08-19,52.89610844262173
2022-08-20,62.92444204659196
2022-08-21,69.578306358315
2022-08-22,75.7462065793106
2022-08-23,70.40676469232722
2022-08-24,65.7934951705655
2022-08-25,62.31817243530434
2022-08-26,60.603127439758296
2022-08-27,53.44608160908225
2022-08-28,74.12109711991593
2022-08-29,55.63549489558207
2022-08-30,57.22905734864243
2022-08-31,56.56392997425081
2022-09-01,53.73293862265304
2022-09-02,81.16249740439449
2022-09-03,61.9645919833289
2022-09-04,53.72647128785074
2022-09-05,71.86446819101974
2022-09-06,79.96625498752927
2022-09-07,73.86445535501339
2022-09-08,55.46737074585135
2022-09-09,58.587209167660994
2022-09-10,53.30149862037138
2022-09-11,52.40306819242114
2022-09-12,57.26162337536713
2022-09-13,62.70328623845843
2022-09-14,58.823832491128485
2022-09-15,59.44502868924419
2022-09-16,54.079542969929435
2022-09-17,52.383714189893205
2022-09-18,43.89502797188101
2022-09-19,71.51297996718668
2022-09-20,79.38173533493239
2022-09-21,79.18735506407941
2022-09-22,65.71402603289951
2022-09-23,57.1496529313556
2022-09-24,58.251295082330785
2022-09-25,77.63226210044257
2022-09-26,83.88306344912087
2022-09-27,86.81178213880767
2022-09-28,84.03561733391513
2022-09-29,89.17634732839565
2022-09-30,89.08373741224503
2022-10-01,80.81336551089613
2022-10-02,68.27227265905915
2022-10-03,64.3602859471662
2022-10-04,60.395809442723674
2022-10-05,67.34748292915422
2022-10-06,83.3464884865308
2022-10-07,68.50408979786152
2022-10-08,67.64595641858745
2022-10-09,66.2575454737315
2022-10-10,77.99968028994907
2022-10-11,87.5370260401044
2022-10-12,79.36139571594417
2022-10-13,84.65474386965771
2022-10-14,79.10955767580695
2022-10-15,80.08590781825788
2022-10-16,79.86396515441876
2022-10-17,79.47946634288333
2022-10-18,79.3122252718743
2022-10-19,87.48047826630594
2022-10-20,94.80287633099643
2022-10-21,76.77008683382272
2022-10-22,73.63705171132457
2022-10-23,69.6585229919626
2022-10-24,65.7936638028296
2022-10-25,60.8911255330425
2022-10-26,54.31110422436558
2022-10-27,85.30522736437648
2022-10-28,69.33215682845817
2022-10-29,75.3443891322314
2022-10-30,77.97592903952965
2022-10-31,82.36883158411659
2022-11-01,54.560402494327995
2022-11-02,54.70736059394738
2022-11-03,58.42851983608543
2022-11-04,61.603809653237704
2022-11-05,60.62675923918143
2022-11-06,58.0363941080495
2022-11-07,56.67188789994243
2022-11-08,52.939713298321564
2022-11-09,52.08680160255562
2022-11-10,57.798642885858854
2022-11-11,75.42537687615565
2022-11-12,77.36627573689232
2022-11-13,86.74844774857502
2022-11-14,77.23908626693441
2022-11-15,61.10004418015614
2022-11-16,61.74217179466022
2022-11-17,58.36825652757163
2022-11-18,55.37225093972887
2022-11-19,52.53322442735872
2022-11-20,57.78750063907914
2022-11-21,79.31948290441444
2022-11-22,84.66858880850437
2022-11-23,68.45951949333069
2022-11-24,65.07695618761612
2022-11-25,60.7544936641119
2022-11-26,55.41221319225102
2022-11-27,62.98806232571056
2022-11-28,63.73227083123631
2022-11-29,59.67263207985755
2022-11-30,62.401532414623254
2022-12-01,65.4491128481458
2022-12-02,71.71477191866632
2022-12-03,78.490024318054
2022-12-04,73.8469082973873
2022-12-05,65.7587121372783
2022-12-06,64.53751635049628
2022-12-07,64.90828774393475
2022-12-08,59.76410089030307
2022-12-09,58.92868952582657
2022-12-10,63.45637957355074
2022-12-11,76.72520319606703
2022-12-12,78.51336195057154
2022-12-13,67.69317957082835
2022-12-14,46.38276984453065
2022-12-15,54.686610474720794
2022-12-16,51.00085296834643
2022-12-17,45.75035065404863
2022-12-18,51.067110367273735
2022-12-19,61.31839212058228
2022-12-20,56.14073347107708
2022-12-21,49.32183422975781
2022-12-22,46.07926416002871
2022-12-23,43.81441458891268
2022-12-24,46.05552921861504
2022-12-25,56.676093796276355
2022-12-26,63.248061725478294
2022-12-27,55.8539805633636
2022-12-28,58.715428544083935
2022-12-29,47.587595301697824
2022-12-30,42.57502604301759
2023-01-01,49.290679987804694
2023-01-02,68.28551878593916
2023-01-03,86.75970646204598
2023-01-04,68.37632374696766
2023-01-05,60.242252839947994
2023-01-06,60.03930543638453
2023-01-07,61.60716809944683
2023-01-08,60.53657373009057
2023-01-09,65.88744909316411
2023-01-10,66.61914146074238
2023-01-11,62.13296255697102
2023-01-12,61.67766570556043
2023-01-13,75.72816043500585
2023-01-14,72.82053063577764
2023-01-15,65.16176051050526
2023-01-16,60.13382741675811
2023-01-17,57.92860426332577
2023-01-18,62.50914929330087
2023-01-19,63.9985297001269
2023-01-20,54.92832701755946
2023-01-21,52.856322172538434
2023-01-22,62.52644348982613
2023-01-23,66.25905926784607
2023-01-24,55.63415481541756
2023-01-25,51.611549802309455
2023-01-26,51.20059921020576
2023-01-27,42.729723314189094
2023-01-28,48.743786989237044
2023-01-29,67.07575730615767
2023-01-30,84.80017457981661
2023-01-31,85.86667450998662
2023-02-01,74.98812767962453
2023-02-02,74.68044924886867
2023-02-03,75.53299597389078
2023-02-04,63.58981165444105
2023-02-05,58.14631480148539
2023-02-06,55.432444284239125
2023-02-07,52.48572279397452
2023-02-08,54.891462912776035
2023-02-09,53.00457040811874
2023-02-10,63.093915891540064
2023-02-11,67.33170414294855
2023-02-12,60.398984574642405
2023-02-13,64.94111438954558
2023-02-14,68.77849284465636
2023-02-15,82.1071464009569
2023-02-16,78.24258240664727
2023-02-17,72.85926447783834
2023-02-18,43.79202164450742
2023-02-19,52.6265462200241
2023-02-20,70.7661414911332
2023-02-21,67.0935333856105
2023-02-22,67.36352303598976
2023-02-23,78.99979844923696
2023-02-24,84.77621681101866
2023-02-25,81.0308633919075
2023-02-26,92.1801767014196
2023-02-27,84.0731916999827
2023-02-28,76.45200348561949
2023-03-01,83.90476900252288
2023-03-02,90.77448764165297
2023-03-03,90.88265930274108
2023-03-04,80.95021181843516
2023-03-05,77.55964090641116
2023-03-06,70.36611534694467
2023-03-07,73.06212581209387
2023-03-08,82.37446463725416
2023-03-09,86.07620255376482
2023-03-10,81.2723454563076
2023-03-11,75.4220481084904
2023-03-12,73.02424441591018
2023-03-13,77.2231274316981
2023-03-14,85.35114275104273
2023-03-15,86.1667340571749
2023-03-16,86.72221141591778
2023-03-17,83.7531496723794
2023-03-18,75.87579669284659
2023-03-19,74.96893831816185
2023-03-20,71.95273090242682
2023-03-21,66.85281372836111
2023-03-22,66.56045647088553
2023-03-23,66.13586773762319
2023-03-24,74.515403716472
2023-03-25,80.62252466985126
2023-03-26,78.22471852247727
2023-03-27,59.830196491645346
2023-03-28,63.497701715007466
2023-03-29,64.92251987051401
2023-03-30,69.52004613926616
2023-03-31,70.27842744326394
2023-04-01,68.06352469283361
2023-04-02,48.73266576300288
2023-04-03,51.31070332978159
2023-04-04,66.93922309481923
2023-04-05,87.96429037804869
2023-04-06,89.17331771126156
2023-04-07,82.85348865371715
2023-04-08,73.3195415899515
2023-04-09,73.38885062575766
2023-04-10,74.46390787788796
2023-04-11,68.7733738597031
2023-04-12,67.0414698702584
2023-04-13,86.65855027756871
2023-04-14,86.44092422717489
2023-04-15,78.92651193439669
2023-04-16,84.15354287798507
2023-04-17,92.04675197529495
2023-04-18,75.04823408952139
2023-04-19,72.41535949745193
2023-04-20,63.088196871616894
2023-04-21,66.3252469154238
2023-04-22,64.08602213994672
2023-04-23,68.52786843552555
2023-04-24,75.76119547555008
2023-04-25,90.83455526045475
2023-04-26,83.85786311593257
2023-04-27,75.05257445807459
2023-04-28,71.46973144294356
2023-04-29,73.99932511011858
2023-04-30,70.96539084936289
2023-05-01,75.73528773506251
2023-05-02,92.77439608058656
2023-05-03,88.60215649327789
2023-05-04,83.71891819354438
2023-05-05,88.76626017627557
2023-05-06,89.81131092317014
2023-05-07,93.346052108319
2023-05-08,86.45439534576478
2023-05-09,75.87489507694447
2023-05-10,72.89551637665504
2023-05-11,74.1164190952912
2023-05-12,71.3000977209802
2023-05-13,70.79238654951291
2023-05-14,70.2085614111835
2023-05-15,72.9372763739768
2023-05-16,72.69111457279463
2023-05-17,65.99119802629411
2023-05-18,66.55691630652473
2023-05-19,72.08660023076473
2023-05-20,73.41780145515749
2023-05-21,79.85977892487159
2023-05-22,82.7957497042892
2023-05-23,72.46260609343484
2023-05-24,62.64979219766477
2023-05-25,63.56490705372956
2023-05-26,65.54075724228856
2023-05-27,83.63131823052508
2023-05-28,84.74026569643128
2023-05-29,78.47174643906244
2023-05-30,86.0291238909681
2023-05-31,83.69638045096028
2023-06-01,79.55632374224649
2023-06-02,76.5274944808509
2023-06-03,72.86474883838032
2023-06-04,73.8188548246054
2023-06-05,77.60880700883841
2023-06-06,71.32554536517847
2023-06-07,69.00163849711743
2023-06-08,71.02276607957535
2023-06-09,63.353618511463516
2023-06-10,64.59670671935405
2023-06-11,82.13988304820575
2023-06-12,55.90326778569158
2023-06-13,53.64324536919724
2023-06-14,71.06377254934594
2023-06-15,80.06638210119647
2023-06-16,81.99405706487924
2023-06-17,78.25144875316724
2023-06-18,72.04846761142772
2023-06-19,73.78483742745799
2023-06-20,74.010795526908
2023-06-21,75.13237752295822
2023-06-22,87.57399086579977
2023-06-23,89.75423772014942
2023-06-24,73.0718597586371
2023-06-25,66.31252422613909
2023-06-26,67.16857952202012
2023-06-27,64.59063659912637
2023-06-28,72.92792805588769
2023-06-29,82.08947724336811
2023-06-30,79.82284546889157
2023-07-01,76.02832294462239
2023-07-02,69.94246668406122
2023-07-03,64.03921726762104
2023-07-04,62.299849071879905
2023-07-05,63.34382524485385
2023-07-06,59.50839586590421
2023-07-07,59.95955999639805
2023-07-08,72.75969183382877
2023-07-09,85.14269109179781
2023-07-10,90.28631785977066
2023-07-11,85.0064487410543
2023-07-12,82.23403294231966
2023-07-13,70.3958564660472
2023-07-14,70.86477920066916
2023-07-15,73.65898963226391
2023-07-16,74.75110390596708
2023-07-17,70.41327561637357
2023-07-18,67.17205785914923
2023-07-19,73.58137983453051
2023-07-20,74.97248673643803
2023-07-21,63.148210435109895
2023-07-22,52.73702488488365
2023-07-23,50.771150351891364
2023-07-24,59.10004593736386
2023-07-25,77.16866289544579
2023-07-26,80.88652398358498
2023-07-27,84.65516531667937
2023-07-28,85.38063559175362
2023-07-29,70.05244240288866
2023-07-30,75.16834436436528
2023-07-31,73.40664343030754
2023-08-01,64.78114479477468
2023-08-02,54.93748672176918
2023-08-03,56.82200799836811
2023-08-04,56.99757703145888
2023-08-05,56.66782130533903
2023-08-06,46.89951620448611
2023-08-07,55.69158958832319
2023-08-08,81.83141184198723
2023-08-09,87.51609398702234
2023-08-10,74.68960335216724
2023-08-11,68.57150996287722
2023-08-12,64.16803936443229
2023-08-13,47.74904495856784
2023-08-14,59.89348414355396
2023-08-15,68.11245196991668
2023-08-16,59.94629645830652
2023-08-17,50.18469565561587
2023-08-18,65.91483538280578
2023-08-19,78.98722306814774
2023-08-20,72.70834189690491
2023-08-21,73.42413721819543
2023-08-22,60.444010092030865
2023-08-23,53.6905881955116
2023-08-24,74.00165901767318
2023-08-25,62.48071208072965
2023-08-26,44.36992307016534
2023-08-27,50.69865168276744
2023-08-28,53.243478047458126
2023-08-29,58.57738009035651
2023-08-30,62.983354743323126
2023-08-31,64.50481660334803
2023-09-01,76.56843369942538
2023-09-02,75.58876513175497
2023-09-03,63.42945139812682
2023-09-04,87.79250173686793
2023-09-05,75.31719074357213
2023-09-06,73.01823932133078
2023-09-07,67.10840223270141
2023-09-08,88.7256136445178
2023-09-09,83.33169453577133
2023-09-10,80.70216937316405
2023-09-11,61.502200694061194
2023-09-12,60.69621102312287
2023-09-13,84.95586521787637
2023-09-14,68.29311376560098
2023-09-15,63.197144319082035
2023-09-16,57.83093735068869
2023-09-17,55.032660554959925
2023-09-18,52.96959724603996
2023-09-19,77.6735546123369
2023-09-20,76.23009079200904
2023-09-21,64.91230582042674
2023-09-22,56.00708342486731
2023-09-23,53.425180885695895
2023-09-24,51.88075158822515
2023-09-25,52.03978171734609
2023-09-26,57.56688082837083
2023-09-27,71.2533446245908
2023-09-28,59.36133975500374
2023-09-29,63.607363448437184
2023-09-30,64.48788720669116
2023-10-01,60.79031193769915
2023-10-02,49.585347932323764
2023-10-03,46.16371762996965
2023-10-04,79.06186372960008
2023-10-05,70.40475157819363
2023-10-06,72.41335589314615
2023-10-07,84.4809949443274
2023-10-08,80.7182543112883
2023-10-09,70.16440009338247
2023-10-10,61.65159181708249
2023-10-11,59.89611247702925
2023-10-12,82.62550257962447
2023-10-13,67.0789168148933
2023-10-14,67.0015345942246
2023-10-15,63.95297682822635
2023-10-16,50.30452896403659
2023-10-17,44.80799357093918
2023-10-18,63.66900441465138
2023-10-19,75.82959871954466
2023-10-20,76.5367474261738
2023-10-21,63.47079783268466
2023-10-22,52.90397374955112
2023-10-23,53.64533407567463
2023-10-24,83.84735271126625
2023-10-25,79.81730489299316
2023-10-26,73.81696735752453
2023-10-27,79.35894220997271
2023-10-28,89.04514918246583
2023-10-29,78.78964853809678
2023-10-30,75.64479503275837
2023-10-31,81.73718245449216
2023-11-01,80.3955223030583
2023-11-02,86.40636026905791
2023-11-03,80.67346133683156
2023-11-04,68.60854440380184
2023-11-05,67.33973075802668
2023-11-06,60.330444524030916
2023-11-07,54.746448399651655
2023-11-08,55.251513898737976
2023-11-09,72.50271557211519
2023-11-10,66.76242853836222
2023-11-11,53.88044377317512
2023-11-12,47.120105872710404
2023-11-13,63.53653734955775
2023-11-14,87.82349004398498
2023-11-15,73.58604269006683
2023-11-16,75.67675519386906
2023-11-17,66.84389875798044
2023-11-18,60.283754412063345
2023-11-19,72.7372876024901
2023-11-20,68.2877444899113
2023-11-21,70.90656515523726
2023-11-22,67.62908327577594
2023-11-23,89.29349444133967
2023-11-24,82.25936911348344
2023-11-25,79.16853646431312
2023-11-26,84.49934961553072
2023-11-27,91.87632340821155
2023-11-28,88.4498396640541
2023-11-29,77.66191012725253
2023-11-30,73.7611886218593
2023-12-01,72.49384788626882
2023-12-02,68.37679500833235
2023-12-03,77.5773150150168
2023-12-04,88.83209932952276
2023-12-05,87.75625681808873
2023-12-06,82.38555945540749
2023-12-07,85.8717958727084
2023-12-08,78.34447861241672
2023-12-09,73.99043875782854
2023-12-10,88.74596348704374
2023-12-11,77.89094804628981
2023-12-12,71.67792166277043
2023-12-13,70.24929446961978
2023-12-14,69.42590425450626
2023-12-15,67.48464063450224
2023-12-16,65.51082229346538
2023-12-17,61.55091098216481
2023-12-18,58.330924672867724
2023-12-19,75.3795850474344
2023-12-20,82.05174057884105
2023-12-21,79.85037797351914
2023-12-22,70.56304371508224
2023-12-23,74.68929229734657
2023-12-24,82.54335809869798
2023-12-25,84.58962163490024
2023-12-26,69.31621584928861
2023-12-27,61.932059730233306
2023-12-28,64.58576978297168
2023-12-29,67.17348606774242
2023-12-30,74.25314343259753
